feature,optimal_threshold,direction,auc_roc,auc_pr,precision,recall,f1,f2,precision_at_recall_25,precision_at_recall_50,precision_at_recall_75,n_train,n_test,cv_auc_pr_mean,cv_auc_pr_std,cv_auc_pr_ci95_low,cv_auc_pr_ci95_high
hct,30.2,above,0.4566,0.0048,0.0054,0.7593,0.0107,0.0263,0.0047,0.0046,0.0053,117247,29291,0.006424,0.000734,0.004986,0.007862
hgb,13.4,above,0.4824,0.0051,0.0051,0.1728,0.01,0.023,0.0053,0.0052,0.0054,117252,29292,0.007191,0.001086,0.005062,0.009319
mch,30.8,above,0.5269,0.0134,0.0059,0.3889,0.0116,0.0277,0.0061,0.0057,0.0059,117137,29259,0.008273,0.000653,0.006994,0.009553
mchc,33.3,above,0.6078,0.0076,0.0075,0.6173,0.0148,0.0358,0.0074,0.0078,0.0071,117138,29260,0.008474,0.001313,0.005901,0.011046
mcv,87.0,above,0.4749,0.0119,0.0051,0.6975,0.0102,0.0249,0.0051,0.0053,0.0051,117135,29259,0.006597,0.000397,0.005818,0.007376
plt,135.0,below,0.4925,0.0066,0.0069,0.1667,0.0132,0.0295,0.0065,0.0054,0.0051,117096,29238,0.006637,0.000728,0.005211,0.008062
rbc,4.79,above,0.4661,0.0049,0.0024,0.037,0.0045,0.0095,0.0043,0.0047,0.0054,117136,29259,0.005843,0.000264,0.005326,0.00636
rdw,13.4,above,0.5733,0.0068,0.0064,0.7469,0.0128,0.0311,0.007,0.0068,0.0064,117105,29252,0.006402,0.000472,0.005477,0.007328
wbc,7.0,below,0.5118,0.0059,0.0055,0.3395,0.0108,0.0259,0.0057,0.0058,0.0057,117169,29266,0.006699,0.000631,0.005463,0.007935
