feature,optimal_threshold,direction,auc_roc,auc_pr,precision,recall,f1,f2,precision_at_recall_25,precision_at_recall_50,precision_at_recall_75,n_train,n_test,cv_auc_pr_mean,cv_auc_pr_std,cv_auc_pr_ci95_low,cv_auc_pr_ci95_high
hct,30.2,above,0.4984,0.0049,0.0052,0.8252,0.0104,0.0256,0.0048,0.0045,0.0051,117603,28935,0.006094,0.00074,0.004644,0.007543
hgb,13.4,above,0.5204,0.0055,0.0063,0.2378,0.0123,0.0285,0.0063,0.0052,0.0053,117607,28937,0.007045,0.000933,0.005217,0.008874
mch,30.8,above,0.5498,0.008,0.0058,0.4437,0.0115,0.0278,0.0057,0.0056,0.0054,117498,28898,0.008482,0.001143,0.006242,0.010723
mchc,33.3,above,0.6255,0.0077,0.007,0.6549,0.0139,0.0338,0.0074,0.0072,0.0064,117499,28899,0.008438,0.00122,0.006047,0.010828
mcv,89.0,above,0.4705,0.0084,0.0046,0.5915,0.0091,0.0222,0.0038,0.0047,0.0047,117496,28898,0.006786,0.000608,0.005594,0.007977
plt,178.0,below,0.4944,0.0058,0.0051,0.331,0.0101,0.0241,0.0052,0.0047,0.0046,117443,28891,0.006856,0.000441,0.005991,0.00772
rbc,3.91,below,0.5083,0.0068,0.005,0.5282,0.01,0.0242,0.0046,0.0053,0.0049,117497,28898,0.005848,0.00056,0.004751,0.006945
rdw,13.4,above,0.5444,0.0054,0.0055,0.7183,0.0109,0.0267,0.0054,0.0056,0.0055,117468,28889,0.006679,0.000506,0.005687,0.007672
wbc,12.0,below,0.5352,0.0056,0.005,0.7887,0.0099,0.0242,0.0053,0.0058,0.0053,117531,28904,0.006734,0.000492,0.005771,0.007698
