feature,optimal_threshold,direction,auc_roc,auc_pr,precision,recall,f1,f2,precision_at_recall_25,precision_at_recall_50,precision_at_recall_75,n_train,n_test,cv_auc_pr_mean,cv_auc_pr_std,cv_auc_pr_ci95_low,cv_auc_pr_ci95_high
rdw,13.4,above,0.473,0.0099,0.0111,0.65,0.0218,0.0519,0.0084,0.0104,0.0108,117056,29253,0.010455,0.000264,0.009938,0.010972
hgb,12.4,below,0.5395,0.0113,0.0123,0.75,0.0242,0.0578,0.012,0.0128,0.0123,117206,29293,0.01147,0.000917,0.009673,0.013267
hct,37.6,below,0.5632,0.0121,0.0128,0.7969,0.0252,0.0601,0.0126,0.0135,0.0128,117201,29292,0.012169,0.000839,0.010524,0.013814
wbc,9.1,below,0.5146,0.011,0.0114,0.5969,0.0223,0.0529,0.0111,0.0113,0.0114,117122,29267,0.011227,0.000409,0.010425,0.01203
plt,237.0,above,0.6078,0.0154,0.0159,0.5625,0.0309,0.0714,0.016,0.0158,0.0132,117049,29239,0.014736,0.001185,0.012413,0.01706
mcv,87.0,below,0.5417,0.0121,0.0131,0.3625,0.0253,0.0573,0.0138,0.0122,0.0118,117086,29260,0.012802,0.000608,0.01161,0.013995
mch,30.0,below,0.4924,0.0103,0.011,0.5,0.0216,0.0507,0.01,0.0114,0.0111,117088,29260,0.011067,0.000685,0.009724,0.01241
mchc,33.4,above,0.5852,0.0143,0.014,0.5469,0.0273,0.0635,0.0152,0.0142,0.0127,117089,29261,0.015097,0.001605,0.011951,0.018244
rbc,4.24,below,0.5441,0.0118,0.0121,0.7781,0.0238,0.0569,0.0127,0.0125,0.0122,117087,29260,0.011575,0.000811,0.009986,0.013164
