feature,optimal_threshold,direction,auc_roc,auc_pr,precision,recall,f1,f2,precision_at_recall_25,precision_at_recall_50,precision_at_recall_75,n_train,n_test,cv_auc_pr_mean,cv_auc_pr_std,cv_auc_pr_ci95_low,cv_auc_pr_ci95_high
hct,37.6,below,0.5628,0.0121,0.0128,0.7969,0.0252,0.0601,0.0126,0.0135,0.0128,117201,29292,0.012293,0.001143,0.010054,0.014533
hgb,12.4,below,0.5397,0.0114,0.0123,0.75,0.0242,0.0578,0.012,0.0128,0.0123,117206,29293,0.011501,0.000859,0.009817,0.013184
mch,30.0,below,0.4924,0.0103,0.011,0.5,0.0216,0.0507,0.01,0.0114,0.0111,117088,29260,0.011029,0.000594,0.009866,0.012193
mchc,33.4,above,0.5852,0.0143,0.014,0.5469,0.0273,0.0635,0.0152,0.0142,0.0127,117089,29261,0.014902,0.001151,0.012647,0.017157
mcv,87.0,below,0.5417,0.0121,0.0131,0.3625,0.0253,0.0573,0.0138,0.0122,0.0118,117086,29260,0.012843,0.001144,0.010601,0.015085
plt,237.0,above,0.6078,0.0154,0.0159,0.5625,0.0309,0.0714,0.016,0.0158,0.0132,117049,29239,0.014943,0.001833,0.011351,0.018536
rbc,4.24,below,0.5441,0.0118,0.0121,0.7781,0.0238,0.0569,0.0127,0.0125,0.0122,117087,29260,0.011676,0.001239,0.009247,0.014105
rdw,13.4,above,0.4731,0.0099,0.0111,0.65,0.0218,0.0519,0.0084,0.0104,0.0108,117056,29253,0.010461,0.000338,0.009797,0.011124
wbc,9.1,below,0.5146,0.011,0.0114,0.5969,0.0223,0.0529,0.0111,0.0113,0.0114,117122,29267,0.011261,0.000349,0.010576,0.011946
