feature,optimal_threshold,direction,auc_roc,auc_pr,precision,recall,f1,f2,precision_at_recall_25,precision_at_recall_50,precision_at_recall_75,n_train,n_test,cv_auc_pr_mean,cv_auc_pr_std,cv_auc_pr_ci95_low,cv_auc_pr_ci95_high
hct,37.6,below,0.5542,0.0121,0.0126,0.7873,0.0247,0.0591,0.0126,0.0129,0.0126,117554,28939,0.012116,0.000766,0.010614,0.013618
hgb,12.4,below,0.5359,0.0115,0.0122,0.7492,0.024,0.0573,0.0114,0.0121,0.0121,117558,28941,0.011373,0.000741,0.009921,0.012825
mch,29.9,below,0.5318,0.0116,0.012,0.5223,0.0235,0.055,0.0128,0.0121,0.0116,117447,28901,0.010444,0.000555,0.009356,0.011531
mchc,33.5,above,0.5616,0.0141,0.0136,0.5032,0.0264,0.0612,0.0147,0.0136,0.012,117448,28902,0.014963,0.001715,0.011601,0.018325
mcv,87.0,below,0.5715,0.0134,0.0148,0.4076,0.0285,0.0646,0.0153,0.0133,0.0122,117445,28901,0.01248,0.000525,0.011451,0.013509
plt,237.0,above,0.5962,0.0149,0.0149,0.5302,0.029,0.0671,0.017,0.0148,0.013,117394,28894,0.015085,0.001067,0.012993,0.017177
rbc,4.31,below,0.5285,0.0112,0.0113,0.7739,0.0223,0.0536,0.0112,0.012,0.0116,117446,28901,0.01166,0.000789,0.010113,0.013206
rdw,13.3,above,0.4883,0.0104,0.0107,0.6592,0.021,0.0501,0.01,0.0107,0.0107,117417,28892,0.01024,0.000244,0.009762,0.010717
wbc,11.3,below,0.5004,0.0107,0.0107,0.727,0.0211,0.0504,0.0105,0.0109,0.0108,117482,28907,0.011306,0.000667,0.009999,0.012613
