feature,optimal_threshold,direction,auc_roc,auc_pr,precision,recall,f1,f2,precision_at_recall_25,precision_at_recall_50,precision_at_recall_75,n_train,n_test,cv_auc_pr_mean,cv_auc_pr_std,cv_auc_pr_ci95_low,cv_auc_pr_ci95_high
hct,38.3,below,0.557,0.0092,0.009,0.8139,0.0177,0.0429,0.0092,0.0093,0.0092,117583,28930,0.008503,0.000434,0.007652,0.009354
hgb,12.7,below,0.5414,0.0089,0.0088,0.7922,0.0173,0.0419,0.0088,0.0094,0.0087,117587,28932,0.008562,0.000209,0.008153,0.008972
mch,29.1,below,0.5517,0.0107,0.0104,0.4286,0.0203,0.0474,0.0116,0.0098,0.0084,117478,28892,0.010953,0.001837,0.007352,0.014553
mchc,32.8,above,0.5702,0.0105,0.0095,0.7056,0.0187,0.0449,0.0108,0.0097,0.0087,117479,28893,0.009013,0.000654,0.00773,0.010296
mcv,87.0,below,0.6074,0.0126,0.0131,0.4935,0.0256,0.0594,0.0145,0.0107,0.009,117476,28892,0.012056,0.001724,0.008677,0.015435
plt,244.0,above,0.6195,0.015,0.0119,0.5325,0.0234,0.0548,0.0163,0.0123,0.0102,117424,28885,0.018172,0.005267,0.007848,0.028495
rbc,4.09,below,0.5178,0.0081,0.0089,0.6926,0.0175,0.0422,0.0079,0.0086,0.0086,117477,28892,0.007419,0.000141,0.007143,0.007695
rdw,13.4,above,0.5571,0.009,0.0092,0.7403,0.0182,0.044,0.0094,0.0091,0.0093,117448,28883,0.008249,0.000358,0.007548,0.008951
wbc,6.9,below,0.5053,0.0087,0.0078,0.316,0.0151,0.0353,0.0079,0.0086,0.0081,117511,28898,0.008591,0.000345,0.007915,0.009268
