feature,optimal_threshold,direction,auc_roc,auc_pr,precision,recall,f1,f2,precision_at_recall_25,precision_at_recall_50,precision_at_recall_75,n_train,n_test,cv_auc_pr_mean,cv_auc_pr_std,cv_auc_pr_ci95_low,cv_auc_pr_ci95_high
hct,34.2,below,0.5684,0.0118,0.0136,0.5855,0.0265,0.0621,0.0111,0.0138,0.0122,117558,28940,0.012634,0.000785,0.011095,0.014173
hgb,11.9,below,0.5563,0.0115,0.0127,0.6908,0.025,0.0592,0.0105,0.0128,0.0123,117562,28942,0.012408,0.000364,0.011695,0.01312
mch,32.4,above,0.5377,0.0122,0.0136,0.1711,0.0252,0.0517,0.0124,0.0119,0.0108,117454,28902,0.011371,0.000533,0.010326,0.012416
mchc,32.9,above,0.5347,0.0112,0.0119,0.648,0.0234,0.0555,0.0109,0.0116,0.0113,117455,28903,0.011095,0.000899,0.009334,0.012857
mcv,98.0,above,0.5202,0.0114,0.0103,0.1184,0.0189,0.0381,0.0117,0.0113,0.0102,117452,28902,0.011575,0.000683,0.010235,0.012914
plt,229.0,above,0.5864,0.0153,0.0139,0.5592,0.0271,0.0632,0.017,0.0142,0.0117,117399,28895,0.014377,0.001276,0.011876,0.016878
rbc,3.99,below,0.5719,0.0121,0.0123,0.6612,0.0242,0.0574,0.0129,0.0132,0.0127,117453,28902,0.012827,0.000358,0.012126,0.013529
rdw,13.6,above,0.6029,0.013,0.0138,0.7566,0.027,0.0641,0.0141,0.0136,0.0138,117424,28893,0.014072,0.000778,0.012547,0.015597
wbc,8.4,below,0.5124,0.0115,0.0103,0.4901,0.0203,0.0477,0.0104,0.0106,0.0108,117487,28908,0.012263,0.000922,0.010455,0.014071
