feature,optimal_threshold,direction,auc_roc,auc_pr,precision,recall,f1,f2,precision_at_recall_25,precision_at_recall_50,precision_at_recall_75,n_train,n_test,cv_auc_pr_mean,cv_auc_pr_std,cv_auc_pr_ci95_low,cv_auc_pr_ci95_high
rdw,14.3,above,0.6291,0.0057,0.0053,0.5596,0.0104,0.0254,0.0056,0.0053,0.0048,117076,29242,0.005085,0.000329,0.004439,0.005731
hgb,11.5,below,0.648,0.0067,0.0051,0.6727,0.0101,0.0248,0.0067,0.006,0.0049,117224,29282,0.005038,0.000271,0.004508,0.005569
hct,38.0,below,0.654,0.0063,0.0048,0.9091,0.0096,0.0237,0.0071,0.006,0.0049,117219,29281,0.005165,0.000525,0.004136,0.006195
wbc,5.7,below,0.5842,0.0077,0.0078,0.3945,0.0152,0.0359,0.008,0.0049,0.0039,117140,29256,0.006223,0.001127,0.004015,0.008432
plt,271.0,above,0.4828,0.0041,0.0036,0.2477,0.0072,0.0172,0.0044,0.0038,0.0033,117067,29228,0.004717,0.000583,0.003574,0.00586
mcv,88.0,below,0.5208,0.0052,0.0042,0.4128,0.0083,0.0201,0.0047,0.004,0.0036,117106,29249,0.004952,0.000204,0.004552,0.005352
mch,28.1,below,0.5097,0.0046,0.0052,0.2844,0.0103,0.0244,0.0051,0.0037,0.0035,117108,29249,0.004889,0.000178,0.00454,0.005238
mchc,34.9,below,0.4953,0.0036,0.0037,0.8991,0.0074,0.0183,0.0034,0.0039,0.0037,117109,29250,0.003811,0.000237,0.003346,0.004275
rbc,4.17,below,0.6318,0.0079,0.0049,0.8807,0.0098,0.0241,0.0064,0.0052,0.0048,117107,29249,0.004784,0.000327,0.004144,0.005424
