feature,optimal_threshold,direction,auc_roc,auc_pr,precision,recall,f1,f2,precision_at_recall_25,precision_at_recall_50,precision_at_recall_75,n_train,n_test,cv_auc_pr_mean,cv_auc_pr_std,cv_auc_pr_ci95_low,cv_auc_pr_ci95_high
hct,33.7,below,0.5867,0.005,0.0048,0.5315,0.0096,0.0233,0.0054,0.0045,0.0046,117564,28936,0.005408,0.000646,0.004142,0.006675
hgb,11.6,below,0.5959,0.005,0.0048,0.6486,0.0096,0.0235,0.0051,0.005,0.0048,117568,28938,0.005507,0.000959,0.003628,0.007386
mch,28.1,below,0.5624,0.0053,0.0066,0.3423,0.0129,0.0306,0.0067,0.0043,0.0039,117459,28898,0.0048,0.000661,0.003504,0.006096
mchc,32.8,above,0.4721,0.0036,0.0034,0.5315,0.0068,0.0167,0.0032,0.0036,0.0037,117460,28899,0.006034,0.004992,-0.003749,0.015818
mcv,88.0,below,0.5546,0.0056,0.0048,0.4595,0.0096,0.0232,0.0066,0.0043,0.004,117457,28898,0.004881,0.000692,0.003523,0.006238
plt,107.0,below,0.4817,0.0047,0.0063,0.1171,0.0119,0.0258,0.0043,0.0036,0.0035,117404,28891,0.0043,0.000595,0.003133,0.005467
rbc,4.17,below,0.5633,0.0046,0.0046,0.7928,0.0091,0.0223,0.0048,0.0044,0.0047,117458,28898,0.005809,0.002054,0.001784,0.009835
rdw,14.3,above,0.593,0.0049,0.0051,0.5225,0.0101,0.0246,0.0052,0.0055,0.0046,117429,28889,0.00533,0.000879,0.003607,0.007053
wbc,5.7,below,0.5712,0.0064,0.0068,0.3333,0.0134,0.0316,0.0077,0.0052,0.0039,117492,28904,0.006554,0.001716,0.00319,0.009918
