feature,optimal_threshold,direction,auc_roc,auc_pr,precision,recall,f1,f2,precision_at_recall_25,precision_at_recall_50,precision_at_recall_75,n_train,n_test,cv_auc_pr_mean,cv_auc_pr_std,cv_auc_pr_ci95_low,cv_auc_pr_ci95_high
hct,37.8,below,0.654,0.0063,0.0047,0.8727,0.0094,0.0231,0.0071,0.006,0.0049,117219,29281,0.005157,0.000625,0.003932,0.006383
hgb,11.5,below,0.648,0.0067,0.0051,0.6727,0.0101,0.0248,0.0067,0.006,0.0049,117224,29282,0.005059,0.000517,0.004046,0.006071
mch,28.1,below,0.5097,0.0046,0.0052,0.2844,0.0103,0.0244,0.0051,0.0037,0.0035,117108,29249,0.004944,0.000569,0.003828,0.006059
mchc,34.9,below,0.4953,0.0036,0.0037,0.8991,0.0074,0.0183,0.0034,0.0039,0.0037,117109,29250,0.003675,0.000121,0.003437,0.003912
mcv,88.0,below,0.5208,0.0052,0.0042,0.4128,0.0083,0.0201,0.0047,0.004,0.0036,117106,29249,0.005054,0.000588,0.003901,0.006206
plt,271.0,above,0.4828,0.0041,0.0036,0.2477,0.0072,0.0172,0.0044,0.0038,0.0033,117067,29228,0.004106,0.000416,0.003291,0.004922
rbc,4.17,below,0.6317,0.0079,0.0049,0.8807,0.0098,0.0241,0.0064,0.0052,0.0048,117107,29249,0.004792,0.000566,0.003683,0.005901
rdw,14.3,above,0.6291,0.0057,0.0053,0.5596,0.0104,0.0254,0.0056,0.0053,0.0048,117076,29242,0.005109,0.000536,0.004058,0.006159
wbc,5.7,below,0.5842,0.0077,0.0078,0.3945,0.0152,0.0359,0.008,0.0049,0.0039,117140,29256,0.006157,0.000774,0.00464,0.007673
