feature,optimal_threshold,direction,auc_roc,auc_pr,precision,recall,f1,f2,precision_at_recall_25,precision_at_recall_50,precision_at_recall_75,n_train,n_test,cv_auc_pr_mean,cv_auc_pr_std,cv_auc_pr_ci95_low,cv_auc_pr_ci95_high
hct,36.2,below,0.5496,0.138,0.1442,0.6646,0.237,0.386,0.1431,0.1485,0.1401,116819,29195,0.13321,0.001406,0.130456,0.135965
hgb,12.0,below,0.5348,0.1321,0.143,0.6572,0.2349,0.3822,0.1336,0.1448,0.1365,116823,29197,0.128838,0.001445,0.126006,0.131671
mch,29.5,below,0.5241,0.1323,0.136,0.4225,0.2057,0.2972,0.1372,0.1372,0.1319,116708,29166,0.137251,0.002049,0.133234,0.141267
mchc,33.4,above,0.5609,0.1515,0.1504,0.5164,0.233,0.3474,0.1555,0.1504,0.1394,116710,29167,0.146727,0.003015,0.140817,0.152637
mcv,89.0,below,0.5643,0.1492,0.1516,0.5247,0.2352,0.3516,0.1675,0.1516,0.1395,116706,29166,0.15195,0.001664,0.148688,0.155211
plt,204.0,above,0.5,0.1275,0.1284,0.5572,0.2087,0.3341,0.1309,0.1294,0.126,116671,29145,0.131547,0.002435,0.126774,0.13632
rbc,4.01,below,0.5257,0.1304,0.1384,0.6238,0.2265,0.3666,0.1352,0.1409,0.1326,116707,29166,0.125582,0.001312,0.12301,0.128154
rdw,13.4,above,0.5807,0.1436,0.1532,0.7683,0.2555,0.4261,0.1473,0.1573,0.1532,116677,29159,0.145554,0.002075,0.141487,0.149622
wbc,11.0,below,0.5035,0.126,0.1293,0.7381,0.2201,0.3802,0.1243,0.1286,0.1293,116744,29174,0.12733,0.003189,0.121079,0.13358
