feature,optimal_threshold,direction,auc_roc,auc_pr,precision,recall,f1,f2,precision_at_recall_25,precision_at_recall_50,precision_at_recall_75,n_train,n_test,cv_auc_pr_mean,cv_auc_pr_std,cv_auc_pr_ci95_low,cv_auc_pr_ci95_high
hct,35.4,below,0.5351,0.131,0.14,0.5889,0.2262,0.3588,0.133,0.1426,0.1373,117172,28842,0.13488,0.00151,0.131921,0.137838
hgb,12.0,below,0.5209,0.1265,0.1366,0.6316,0.2246,0.3662,0.1271,0.137,0.1335,117177,28843,0.130149,0.001614,0.126986,0.133312
mch,29.8,below,0.5305,0.1352,0.1381,0.4911,0.2156,0.325,0.1428,0.138,0.1324,117071,28803,0.136441,0.001155,0.134178,0.138704
mchc,33.4,above,0.553,0.1454,0.1475,0.5093,0.2288,0.3417,0.1523,0.1475,0.1377,117072,28805,0.148052,0.002163,0.143812,0.152292
mcv,89.0,below,0.5671,0.1513,0.1533,0.5286,0.2376,0.3548,0.1683,0.1533,0.1377,117069,28803,0.151483,0.001822,0.147912,0.155054
plt,246.0,above,0.5103,0.1281,0.1313,0.3617,0.1927,0.2678,0.1315,0.1315,0.1282,117015,28801,0.131389,0.00133,0.128783,0.133995
rbc,4.01,below,0.5081,0.1235,0.1324,0.5974,0.2168,0.3509,0.1237,0.1316,0.131,117070,28803,0.127209,0.001279,0.124703,0.129716
rdw,13.4,above,0.5847,0.1447,0.1538,0.7739,0.2566,0.4284,0.1477,0.1557,0.1538,117042,28794,0.14521,0.001371,0.142523,0.147898
wbc,9.9,below,0.5055,0.1238,0.1304,0.6597,0.2178,0.3642,0.1226,0.1286,0.1305,117105,28813,0.127734,0.001926,0.123959,0.13151
